,gen,nevals,avg,std,min,max
0,0,1,[       0.91           2],[          0           0],[       0.91           2],[       0.91           2]
1,1,2,[    0.83767           2],[    0.13252           0],[    0.57333           2],[       0.91           2]
